﻿<mockup version="4.4" minAllowVersion="4.3" ID="0B847428-8C9E-42DE-9865-1EF7E30817A6" platform="MtMobile" defaultW="360" defaultH="640" screenOrientation="MoPortrait" mobileScreenScale="1.77777779102325" measureW="360" measureH="640">
  <controls controlCount="14">
    <control controlID="A8D32C57-8710-4C0E-A769-55671EFEE505" controlTypeID="List" isShow="True" caption="List" x="0" y="65" w="360" h="577" measuredW="168" measuredH="252" zOrder="0" locked="False" sizeLocked="False">
      <controlProperties>
        <basic color="4294967295" borderVisible="False" borderColor="4284900966" isAutoSize="False" status="MsEnabled" opacity="1" isCommentCom="False" canMove="True" alias="" rotation="0"/>
        <states/>
        <verticalScrollbarShow>False</verticalScrollbarShow>
        <verticalScrollbarProgress>0</verticalScrollbarProgress>
        <horizontalScrollbarShow>False</horizontalScrollbarShow>
        <horizontalScrollbarProgress>0</horizontalScrollbarProgress>
        <links eventType="AtClick" animate="AmPushUp" animateAutoDelay="0" animateDuration="500">
          <link targetPageID="" linkType="ltPageLink" isApplyIncludePage="False" title="My+budget">
            <area shape="0" alt="" ID="{8E04FBF1-2E81-4216-AC52-F7EE835B355E}" coords="(0,0,360,100)"/>
          </link>
          <link targetPageID="" linkType="ltPageLink" isApplyIncludePage="False" title="Tickets">
            <area shape="0" alt="" ID="{F3CC9433-E6B0-4313-BBA3-4BDDB091350B}" coords="(0,100,360,200)"/>
          </link>
          <link targetPageID="" linkType="ltPageLink" isApplyIncludePage="False" title="Hotel">
            <area shape="0" alt="" ID="{EE321DD4-E9E5-466B-9C14-F4C80F08C035}" coords="(0,200,360,300)"/>
          </link>
          <link targetPageID="" linkType="ltPageLink" isApplyIncludePage="False" title="Money+left">
            <area shape="0" alt="" ID="{E69FA36B-B420-4223-B2D0-BFE98BFCFCF9}" coords="(0,300,360,400)"/>
          </link>
          <link targetPageID="" linkType="ltPageLink" isApplyIncludePage="False" title="">
            <area shape="0" alt="" ID="{B380CC70-E5F5-4AE0-8856-8F0E8CAB09CE}" coords="(0,400,360,500)"/>
          </link>
        </links>
        <interactiveData>
          <entry title="My+budget">
            <area shape="0" alt="" ID="{02BF5A13-BF40-45C4-94F6-E858ABDD7478}" coords="(0,0,360,100)"/>
            <events title=""/>
          </entry>
          <entry title="Tickets">
            <area shape="0" alt="" ID="{6F1192B4-F3D8-4D4D-8CD2-1D33DD0C51A8}" coords="(0,100,360,200)"/>
            <events title=""/>
          </entry>
          <entry title="Hotel">
            <area shape="0" alt="" ID="{B62FDEEA-7AC6-47EE-ACBC-53253F9E1E90}" coords="(0,200,360,300)"/>
            <events title=""/>
          </entry>
          <entry title="Money+left">
            <area shape="0" alt="" ID="{4CCD139B-5A74-4F81-B361-CD7311F5E35E}" coords="(0,300,360,400)"/>
            <events title=""/>
          </entry>
          <entry title="">
            <area shape="0" alt="" ID="{039287CC-C2A5-4AF7-A0E6-791D14EC2389}" coords="(0,400,360,500)"/>
            <events title=""/>
          </entry>
        </interactiveData>
        <textSet textColor="4278190080" textSize="28" lineSpacingMultiple="1" textAlign="HaLeft" textVAlign="VaTop" textWordWrap="True" lineSpacing="37" textStyles="[]" useDefaultTextSize="False">
          <font family="Segoe+UI" displayName="Segoe+UI" postScript="" weightStyle="Regular" weight="400" isBold="False" isItalic="False"/>
          <text>My+budget%0D%0ATickets%0D%0AHotel%0D%0AMoney+left%0D%0A%0D%0A</text>
        </textSet>
        <selectedIndex>0</selectedIndex>
        <selectedColor>4288256409</selectedColor>
        <textPadding>10</textPadding>
        <itemHeight>100</itemHeight>
        <isInterlace>True</isInterlace>
        <interlaceColor>4293848814</interlaceColor>
        <separatorColor>4284900966</separatorColor>
        <showSeparator>False</showSeparator>
      </controlProperties>
    </control>
    <control controlID="E431F689-71D3-4474-BBC9-AF35B0B5DB94" controlTypeID="StatusBar(Android)" isShow="True" caption="Android+Status+Bar" x="0" y="0" w="360" h="20" measuredW="342" measuredH="20" zOrder="1" locked="False" sizeLocked="False">
      <controlProperties>
        <basic color="4278190080" borderVisible="True" borderColor="4284900966" isAutoSize="False" status="MsEnabled" opacity="1" isCommentCom="False" canMove="True" alias="" rotation="0"/>
        <states/>
        <verticalScrollbarShow>False</verticalScrollbarShow>
        <verticalScrollbarProgress>0</verticalScrollbarProgress>
        <horizontalScrollbarShow>False</horizontalScrollbarShow>
        <horizontalScrollbarProgress>0</horizontalScrollbarProgress>
        <links eventType="AtClick" animate="AmPushUp" animateAutoDelay="0" animateDuration="500">
          <link targetPageID="" linkType="ltPageLink" isApplyIncludePage="False" title="Link">
            <area shape="0" alt="" ID="{5564D6A5-D1F9-4308-A83E-23C9DB67AF79}" coords="(0,0,360,20)"/>
          </link>
        </links>
        <interactiveData>
          <entry title="">
            <area shape="0" alt="" ID="{98FC5D38-54D6-4E31-9DFC-A7DB2E8C13E4}" coords="(0,0,360,20)"/>
            <events title=""/>
          </entry>
        </interactiveData>
        <ForegroundColor>4294967295</ForegroundColor>
        <IsAutoTextColor>True</IsAutoTextColor>
      </controlProperties>
    </control>
    <control controlID="D442AB27-4D52-4391-8FB5-99B0A6AA0CC1" controlTypeID="Panel" isShow="True" caption="Panel" x="0" y="20" w="360" h="43" measuredW="0" measuredH="0" zOrder="2" locked="False" sizeLocked="False">
      <controlProperties>
        <basic color="4294967295" borderVisible="True" borderColor="4284900966" isAutoSize="False" status="MsEnabled" opacity="1" isCommentCom="False" canMove="True" alias="" rotation="0"/>
        <states/>
        <verticalScrollbarShow>False</verticalScrollbarShow>
        <verticalScrollbarProgress>0</verticalScrollbarProgress>
        <horizontalScrollbarShow>False</horizontalScrollbarShow>
        <horizontalScrollbarProgress>0</horizontalScrollbarProgress>
        <links eventType="AtClick" animate="AmPushUp" animateAutoDelay="0" animateDuration="500">
          <link targetPageID="" linkType="ltPageLink" isApplyIncludePage="False" title="Link">
            <area shape="0" alt="" ID="{D90907EA-F400-4602-BE6E-0289323C6AA3}" coords="(0,0,360,43)"/>
          </link>
        </links>
        <interactiveData>
          <entry title="">
            <area shape="0" alt="" ID="{E9237ACE-379A-4BD4-981C-0F4C35E5E922}" coords="(0,0,360,43)"/>
            <events title=""/>
          </entry>
        </interactiveData>
        <groupChildrenDescriptors>
          <control controlID="613581FC-0189-4F7C-9F68-D14FF782DA86" controlTypeID="Label" isShow="True" caption="Label" x="102" y="-6" w="171" h="46" measuredW="0" measuredH="0" zOrder="0" locked="False" sizeLocked="False">
            <controlProperties>
              <basic color="0" borderVisible="True" borderColor="4284900966" isAutoSize="True" status="MsEnabled" opacity="1" isCommentCom="False" canMove="True" alias="" rotation="0"/>
              <states/>
              <verticalScrollbarShow>False</verticalScrollbarShow>
              <verticalScrollbarProgress>0</verticalScrollbarProgress>
              <horizontalScrollbarShow>False</horizontalScrollbarShow>
              <horizontalScrollbarProgress>0</horizontalScrollbarProgress>
              <links eventType="AtClick" animate="AmPushUp" animateAutoDelay="0" animateDuration="500">
                <link targetPageID="" linkType="ltPageLink" isApplyIncludePage="False" title="Link">
                  <area shape="0" alt="" ID="{4B5AFDF3-76E6-4EB0-B083-16BF8F98C5E9}" coords="(0,0,171,46)"/>
                </link>
              </links>
              <interactiveData>
                <entry title="">
                  <area shape="0" alt="" ID="{129447D9-2885-4F4E-AA77-2486CC8DC2C2}" coords="(0,0,171,46)"/>
                  <events title=""/>
                </entry>
              </interactiveData>
              <textSet textColor="4278190080" textSize="34" lineSpacingMultiple="1" textAlign="HaLeft" textVAlign="VaTop" textWordWrap="True" lineSpacing="45" textStyles="[]" useDefaultTextSize="False">
                <font family="Segoe+UI" displayName="Segoe+UI" postScript="" weightStyle="Regular" weight="400" isBold="False" isItalic="False"/>
                <text>Amsterdam</text>
              </textSet>
              <selectedIndex>-1</selectedIndex>
              <selectedColor>4282501083</selectedColor>
              <textPadding>0</textPadding>
            </controlProperties>
          </control>
          <control controlID="2CA7D7EE-3A92-4964-9B8A-F7E525256A05" controlTypeID="Border" isShow="True" caption="Border" x="0" y="0" w="360" h="43" measuredW="0" measuredH="0" zOrder="1" locked="True" sizeLocked="False">
            <controlProperties>
              <basic color="4294967295" borderVisible="True" borderColor="4284900966" isAutoSize="False" status="MsEnabled" opacity="1" isCommentCom="False" canMove="True" alias="borderLayer" rotation="0"/>
              <states/>
              <verticalScrollbarShow>False</verticalScrollbarShow>
              <verticalScrollbarProgress>0</verticalScrollbarProgress>
              <horizontalScrollbarShow>False</horizontalScrollbarShow>
              <horizontalScrollbarProgress>0</horizontalScrollbarProgress>
              <links eventType="AtClick" animate="AmPushUp" animateAutoDelay="0" animateDuration="500">
                <link targetPageID="" linkType="ltPageLink" isApplyIncludePage="False" title="Link">
                  <area shape="0" alt="" ID="{0FD550F1-8602-4533-98D2-2BE41B1C95D7}" coords="(0,0,360,43)"/>
                </link>
              </links>
              <interactiveData>
                <entry title="">
                  <area shape="0" alt="" ID="{CDE3FFCD-E015-4DDF-BCC9-4D273A266EC8}" coords="(0,0,360,43)"/>
                  <events title=""/>
                </entry>
              </interactiveData>
              <thickness>1</thickness>
              <dashMode>SdSolid</dashMode>
            </controlProperties>
          </control>
        </groupChildrenDescriptors>
        <thinkness>1</thinkness>
        <dashMode>SdSolid</dashMode>
      </controlProperties>
    </control>
    <control controlID="853CA3EC-CE3E-46B5-B6C4-6272D516AA20" controlTypeID="Label" isShow="True" caption="Label" x="258" y="81" w="82" h="38" measuredW="0" measuredH="0" zOrder="3" locked="False" sizeLocked="False">
      <controlProperties>
        <basic color="0" borderVisible="True" borderColor="4284900966" isAutoSize="True" status="MsEnabled" opacity="1" isCommentCom="False" canMove="True" alias="" rotation="0"/>
        <states/>
        <verticalScrollbarShow>False</verticalScrollbarShow>
        <verticalScrollbarProgress>0</verticalScrollbarProgress>
        <horizontalScrollbarShow>False</horizontalScrollbarShow>
        <horizontalScrollbarProgress>0</horizontalScrollbarProgress>
        <links eventType="AtClick" animate="AmPushUp" animateAutoDelay="0" animateDuration="500">
          <link targetPageID="" linkType="ltPageLink" isApplyIncludePage="False" title="Link">
            <area shape="0" alt="" ID="{9D4237D8-0336-45EC-8199-38BB09F5552F}" coords="(0,0,82,38)"/>
          </link>
        </links>
        <interactiveData>
          <entry title="">
            <area shape="0" alt="" ID="{1D66FAF4-39B1-44B0-A714-3B96D2D46753}" coords="(0,0,82,38)"/>
            <events title=""/>
          </entry>
        </interactiveData>
        <textSet textColor="4278190080" textSize="28" lineSpacingMultiple="1" textAlign="HaLeft" textVAlign="VaTop" textWordWrap="True" lineSpacing="37" textStyles="[]" useDefaultTextSize="False">
          <font family="Segoe+UI" displayName="Segoe+UI" postScript="" weightStyle="Regular" weight="400" isBold="False" isItalic="False"/>
          <text>1000+%E2%82%AC</text>
        </textSet>
        <selectedIndex>-1</selectedIndex>
        <selectedColor>4282501083</selectedColor>
        <textPadding>0</textPadding>
      </controlProperties>
    </control>
    <control controlID="CD0446DB-BD6B-4050-AE3E-FA7F04F96371" controlTypeID="Label" isShow="True" caption="Label" x="268" y="181" w="67" h="38" measuredW="0" measuredH="0" zOrder="4" locked="False" sizeLocked="False">
      <controlProperties>
        <basic color="0" borderVisible="True" borderColor="4284900966" isAutoSize="True" status="MsEnabled" opacity="1" isCommentCom="False" canMove="True" alias="" rotation="0"/>
        <states/>
        <verticalScrollbarShow>False</verticalScrollbarShow>
        <verticalScrollbarProgress>0</verticalScrollbarProgress>
        <horizontalScrollbarShow>False</horizontalScrollbarShow>
        <horizontalScrollbarProgress>0</horizontalScrollbarProgress>
        <links eventType="AtClick" animate="AmPushUp" animateAutoDelay="0" animateDuration="500">
          <link targetPageID="" linkType="ltPageLink" isApplyIncludePage="False" title="Link">
            <area shape="0" alt="" ID="{9D4237D8-0336-45EC-8199-38BB09F5552F}" coords="(0,0,67,38)"/>
          </link>
        </links>
        <interactiveData>
          <entry title="">
            <area shape="0" alt="" ID="{1D66FAF4-39B1-44B0-A714-3B96D2D46753}" coords="(0,0,67,38)"/>
            <events title=""/>
          </entry>
        </interactiveData>
        <textSet textColor="4278190080" textSize="28" lineSpacingMultiple="1" textAlign="HaLeft" textVAlign="VaTop" textWordWrap="True" lineSpacing="37" textStyles="[]" useDefaultTextSize="False">
          <font family="Segoe+UI" displayName="Segoe+UI" postScript="" weightStyle="Regular" weight="400" isBold="False" isItalic="False"/>
          <text>200+%E2%82%AC</text>
        </textSet>
        <selectedIndex>-1</selectedIndex>
        <selectedColor>4282501083</selectedColor>
        <textPadding>0</textPadding>
      </controlProperties>
    </control>
    <control controlID="6751604A-4145-4DDD-89A2-84C0FF94EE0A" controlTypeID="Label" isShow="True" caption="Label" x="268" y="281" w="67" h="38" measuredW="0" measuredH="0" zOrder="5" locked="False" sizeLocked="False">
      <controlProperties>
        <basic color="0" borderVisible="True" borderColor="4284900966" isAutoSize="True" status="MsEnabled" opacity="1" isCommentCom="False" canMove="True" alias="" rotation="0"/>
        <states/>
        <verticalScrollbarShow>False</verticalScrollbarShow>
        <verticalScrollbarProgress>0</verticalScrollbarProgress>
        <horizontalScrollbarShow>False</horizontalScrollbarShow>
        <horizontalScrollbarProgress>0</horizontalScrollbarProgress>
        <links eventType="AtClick" animate="AmPushUp" animateAutoDelay="0" animateDuration="500">
          <link targetPageID="" linkType="ltPageLink" isApplyIncludePage="False" title="Link">
            <area shape="0" alt="" ID="{9D4237D8-0336-45EC-8199-38BB09F5552F}" coords="(0,0,67,38)"/>
          </link>
        </links>
        <interactiveData>
          <entry title="">
            <area shape="0" alt="" ID="{1D66FAF4-39B1-44B0-A714-3B96D2D46753}" coords="(0,0,67,38)"/>
            <events title=""/>
          </entry>
        </interactiveData>
        <textSet textColor="4278190080" textSize="28" lineSpacingMultiple="1" textAlign="HaLeft" textVAlign="VaTop" textWordWrap="True" lineSpacing="37" textStyles="[]" useDefaultTextSize="False">
          <font family="Segoe+UI" displayName="Segoe+UI" postScript="" weightStyle="Regular" weight="400" isBold="False" isItalic="False"/>
          <text>400+%E2%82%AC</text>
        </textSet>
        <selectedIndex>-1</selectedIndex>
        <selectedColor>4282501083</selectedColor>
        <textPadding>0</textPadding>
      </controlProperties>
    </control>
    <control controlID="E2A9F2DE-E864-4665-A933-6778EEADF7F3" controlTypeID="Label" isShow="True" caption="Label" x="268" y="381" w="67" h="38" measuredW="0" measuredH="0" zOrder="6" locked="False" sizeLocked="False">
      <controlProperties>
        <basic color="0" borderVisible="True" borderColor="4284900966" isAutoSize="True" status="MsEnabled" opacity="1" isCommentCom="False" canMove="True" alias="" rotation="0"/>
        <states/>
        <verticalScrollbarShow>False</verticalScrollbarShow>
        <verticalScrollbarProgress>0</verticalScrollbarProgress>
        <horizontalScrollbarShow>False</horizontalScrollbarShow>
        <horizontalScrollbarProgress>0</horizontalScrollbarProgress>
        <links eventType="AtClick" animate="AmPushUp" animateAutoDelay="0" animateDuration="500">
          <link targetPageID="" linkType="ltPageLink" isApplyIncludePage="False" title="Link">
            <area shape="0" alt="" ID="{9D4237D8-0336-45EC-8199-38BB09F5552F}" coords="(0,0,67,38)"/>
          </link>
        </links>
        <interactiveData>
          <entry title="">
            <area shape="0" alt="" ID="{1D66FAF4-39B1-44B0-A714-3B96D2D46753}" coords="(0,0,67,38)"/>
            <events title=""/>
          </entry>
        </interactiveData>
        <textSet textColor="4278190080" textSize="28" lineSpacingMultiple="1" textAlign="HaLeft" textVAlign="VaTop" textWordWrap="True" lineSpacing="37" textStyles="[]" useDefaultTextSize="False">
          <font family="Segoe+UI" displayName="Segoe+UI" postScript="" weightStyle="Regular" weight="400" isBold="False" isItalic="False"/>
          <text>400+%E2%82%AC</text>
        </textSet>
        <selectedIndex>-1</selectedIndex>
        <selectedColor>4282501083</selectedColor>
        <textPadding>0</textPadding>
      </controlProperties>
    </control>
    <control controlID="0F90C5D7-C528-40BB-878D-817D9AD6637C" controlTypeID="Button" isShow="True" caption="Button" x="220" y="496" w="120" h="48" measuredW="78" measuredH="36" zOrder="7" locked="False" sizeLocked="False">
      <controlProperties>
        <basic color="4294967295" borderVisible="True" borderColor="4284900966" isAutoSize="False" status="MsEnabled" opacity="1" isCommentCom="False" canMove="True" alias="" rotation="0"/>
        <states/>
        <verticalScrollbarShow>False</verticalScrollbarShow>
        <verticalScrollbarProgress>0</verticalScrollbarProgress>
        <horizontalScrollbarShow>False</horizontalScrollbarShow>
        <horizontalScrollbarProgress>0</horizontalScrollbarProgress>
        <links eventType="AtClick" animate="AmPushUp" animateAutoDelay="0" animateDuration="500">
          <link targetPageID="" linkType="ltPageLink" isApplyIncludePage="False" title="Link">
            <area shape="0" alt="" ID="{BBE6F087-9D0F-4595-A583-4BAB29469184}" coords="(0,0,120,48)"/>
          </link>
        </links>
        <interactiveData>
          <entry title="">
            <area shape="0" alt="" ID="{B8B43B23-4EE4-4897-B4D0-B6D57C9DFC38}" coords="(0,0,120,48)"/>
            <events title=""/>
          </entry>
        </interactiveData>
        <textSet textColor="4278190080" textSize="18" lineSpacingMultiple="1" textAlign="HaCenter" textVAlign="VaMiddle" textWordWrap="True" lineSpacing="24" textStyles="[]" useDefaultTextSize="False">
          <font family="Segoe+UI" displayName="Segoe+UI" postScript="" weightStyle="Regular" weight="400" isBold="False" isItalic="False"/>
          <text>Change</text>
        </textSet>
        <selectedIndex>-1</selectedIndex>
        <selectedColor>4282501083</selectedColor>
        <textPadding>0</textPadding>
        <radius>0</radius>
        <radiusIsPercent>False</radiusIsPercent>
        <buttonStatus>BsNormal</buttonStatus>
        <thickness>1</thickness>
        <isAutoTextColor>False</isAutoTextColor>
        <borderColor>4284900966</borderColor>
      </controlProperties>
    </control>
    <control controlID="745D2804-5418-47E0-BA75-8A7C1E9B1624" controlTypeID="PopupMenu" isShow="True" caption="Popup+Menu" x="314" y="19" w="46" h="46" measuredW="0" measuredH="0" zOrder="8" locked="False" sizeLocked="False">
      <controlProperties isBackgroundFade="False" aniType_Mobile="aniNone" aniType="dnNone" closeByClickMode="cmClickAllArea" closeByKeyModes="[kmEsc,kmEnter]" isShowBackground="False" delayBeforePopup="0" aniDuration="200" positionPolicy="ppFree" positionMargin="0" positionScreenMode="psCenter" positionComMode="pcBottom">
        <basic color="4288256409" borderVisible="False" borderColor="4284900966" isAutoSize="False" status="MsEnabled" opacity="1" isCommentCom="False" canMove="True" alias="" rotation="0"/>
        <states/>
        <verticalScrollbarShow>False</verticalScrollbarShow>
        <verticalScrollbarProgress>0</verticalScrollbarProgress>
        <horizontalScrollbarShow>False</horizontalScrollbarShow>
        <horizontalScrollbarProgress>0</horizontalScrollbarProgress>
        <links eventType="AtClick" animate="AmPushUp" animateAutoDelay="0" animateDuration="500">
          <link targetPageID="" linkType="ltPageLink" isApplyIncludePage="False" title="Link">
            <area shape="0" alt="" ID="{9206FD88-77FE-4A93-943C-0008FC032F33}" coords="(0,0,46,46)"/>
          </link>
        </links>
        <interactiveData>
          <entry title="">
            <area shape="0" alt="" ID="{85E68192-8144-4B98-AD99-5CCE87FE1657}" coords="(0,0,46,46)"/>
            <events title=""/>
          </entry>
        </interactiveData>
        <groupChildrenDescriptors>
          <control controlID="FF3006B7-3619-40F5-9263-608F95C82653" controlTypeID="Panel" isShow="True" caption="Panel" x="0" y="0" w="360" h="640" measuredW="0" measuredH="0" zOrder="0" locked="True" sizeLocked="False">
            <controlProperties>
              <basic color="4288256409" borderVisible="False" borderColor="4284900966" isAutoSize="False" status="MsEnabled" opacity="1" isCommentCom="False" canMove="False" alias="background" rotation="0"/>
              <states/>
              <verticalScrollbarShow>False</verticalScrollbarShow>
              <verticalScrollbarProgress>0</verticalScrollbarProgress>
              <horizontalScrollbarShow>False</horizontalScrollbarShow>
              <horizontalScrollbarProgress>0</horizontalScrollbarProgress>
              <links eventType="AtClick" animate="AmPushUp" animateAutoDelay="0" animateDuration="500">
                <link targetPageID="" linkType="ltPageLink" isApplyIncludePage="False" title="Link">
                  <area shape="0" alt="" ID="{60A74ADA-BA3D-4A84-8925-B3702B3C8FC9}" coords="(0,0,360,640)"/>
                </link>
              </links>
              <interactiveData>
                <entry title="">
                  <area shape="0" alt="" ID="{59BC57AF-21D7-4014-A602-E6E120CA50DD}" coords="(0,0,360,640)"/>
                  <events title=""/>
                </entry>
              </interactiveData>
              <groupChildrenDescriptors>
                <control controlID="8A854406-D378-4CD5-B2C0-C0CFF0A6E815" controlTypeID="Border" isShow="True" caption="Border" x="0" y="0" w="360" h="640" measuredW="0" measuredH="0" zOrder="0" locked="True" sizeLocked="False">
                  <controlProperties>
                    <basic color="4294967295" borderVisible="False" borderColor="4284900966" isAutoSize="False" status="MsEnabled" opacity="1" isCommentCom="False" canMove="True" alias="borderLayer" rotation="0"/>
                    <states/>
                    <verticalScrollbarShow>False</verticalScrollbarShow>
                    <verticalScrollbarProgress>0</verticalScrollbarProgress>
                    <horizontalScrollbarShow>False</horizontalScrollbarShow>
                    <horizontalScrollbarProgress>0</horizontalScrollbarProgress>
                    <links eventType="AtClick" animate="AmPushUp" animateAutoDelay="0" animateDuration="500">
                      <link targetPageID="" linkType="ltPageLink" isApplyIncludePage="False" title="Link">
                        <area shape="0" alt="" ID="{E1A5A41A-C996-4D6A-8079-5560687D1E99}" coords="(0,0,360,640)"/>
                      </link>
                    </links>
                    <interactiveData>
                      <entry title="">
                        <area shape="0" alt="" ID="{33A68121-EF88-4750-8208-742CA342203C}" coords="(0,0,360,640)"/>
                        <events title=""/>
                      </entry>
                    </interactiveData>
                    <thickness>1</thickness>
                    <dashMode>SdSolid</dashMode>
                  </controlProperties>
                </control>
              </groupChildrenDescriptors>
              <thinkness>1</thinkness>
              <dashMode>SdSolid</dashMode>
            </controlProperties>
          </control>
          <control controlID="55B07230-E403-4649-A31A-C4A0DEFF36DE" controlTypeID="List" isShow="True" caption="List" x="192" y="0" w="168" h="252" measuredW="168" measuredH="252" zOrder="1" locked="False" sizeLocked="False">
            <controlProperties>
              <basic color="4293980400" borderVisible="True" borderColor="4284900966" isAutoSize="False" status="MsEnabled" opacity="1" isCommentCom="False" canMove="True" alias="content" rotation="0"/>
              <states/>
              <verticalScrollbarShow>False</verticalScrollbarShow>
              <verticalScrollbarProgress>0</verticalScrollbarProgress>
              <horizontalScrollbarShow>False</horizontalScrollbarShow>
              <horizontalScrollbarProgress>0</horizontalScrollbarProgress>
              <links eventType="AtClick" animate="AmPushUp" animateAutoDelay="0" animateDuration="500">
                <link targetPageID="" linkType="ltPageLink" isApplyIncludePage="False" title="Calculator">
                  <area shape="0" alt="" ID="{DD3DF5A6-271C-4971-8781-1E3C4AAFEB9B}" coords="(1,1,167,49)"/>
                </link>
                <link targetPageID="" linkType="ltPageLink" isApplyIncludePage="False" title="Notes">
                  <area shape="0" alt="" ID="{BA1AFFD1-C1A8-4F86-8D8E-3075C870DB90}" coords="(1,49,167,97)"/>
                </link>
                <link targetPageID="" linkType="ltPageLink" isApplyIncludePage="False" title="Calendar">
                  <area shape="0" alt="" ID="{8EE18CED-47BA-414E-989F-929D8C9A7767}" coords="(1,97,167,145)"/>
                </link>
              </links>
              <interactiveData>
                <entry title="Calculator">
                  <area shape="0" alt="" ID="{46B89BF2-2F4F-46D5-88EB-762DECC17A22}" coords="(1,1,167,49)"/>
                  <events title=""/>
                </entry>
                <entry title="Notes">
                  <area shape="0" alt="" ID="{572A90EB-25F6-4808-A175-5567A0D05735}" coords="(1,49,167,97)"/>
                  <events title=""/>
                </entry>
                <entry title="Calendar">
                  <area shape="0" alt="" ID="{B59BF0AB-23C9-44A0-B3DE-A0FE9FB2976B}" coords="(1,97,167,145)"/>
                  <events title=""/>
                </entry>
              </interactiveData>
              <textSet textColor="4278190080" textSize="12" lineSpacingMultiple="1" textAlign="HaLeft" textVAlign="VaTop" textWordWrap="True" lineSpacing="16" textStyles="[]" useDefaultTextSize="True">
                <font family="Segoe+UI" displayName="Segoe+UI" postScript="" weightStyle="Regular" weight="400" isBold="False" isItalic="False"/>
                <text>Calculator%0D%0ANotes%0D%0ACalendar</text>
              </textSet>
              <selectedIndex>0</selectedIndex>
              <selectedColor>268435455</selectedColor>
              <textPadding>10</textPadding>
              <itemHeight>48</itemHeight>
              <isInterlace>False</isInterlace>
              <interlaceColor>4293848814</interlaceColor>
              <separatorColor>4284900966</separatorColor>
              <showSeparator>False</showSeparator>
            </controlProperties>
          </control>
        </groupChildrenDescriptors>
      </controlProperties>
    </control>
  </controls>
  <param>
    <backgroundColor>4294967295</backgroundColor>
    <fontSize>0</fontSize>
    <fontFamily/>
    <guideLines/>
  </param>
</mockup>