﻿<mockup version="4.4" minAllowVersion="4.3" ID="97B7484A-1799-4BED-A1B6-DD6A06A9E19F" platform="MtMobile" defaultW="360" defaultH="640" screenOrientation="MoPortrait" mobileScreenScale="1.77777779102325" measureW="360" measureH="640">
  <controls controlCount="10">
    <control controlID="12153AB5-BB84-458F-BE84-DD881031F1D0" controlTypeID="List" isShow="True" caption="List" x="0" y="63" w="360" h="498" measuredW="168" measuredH="252" zOrder="0" locked="False" sizeLocked="False">
      <controlProperties>
        <basic color="4294967295" borderVisible="False" borderColor="4284900966" isAutoSize="False" status="MsEnabled" opacity="1" isCommentCom="False" canMove="True" alias="" rotation="0"/>
        <states/>
        <verticalScrollbarShow>False</verticalScrollbarShow>
        <verticalScrollbarProgress>0</verticalScrollbarProgress>
        <horizontalScrollbarShow>False</horizontalScrollbarShow>
        <horizontalScrollbarProgress>0</horizontalScrollbarProgress>
        <links eventType="AtClick" animate="AmPushUp" animateAutoDelay="0" animateDuration="500">
          <link targetPageID="" linkType="ltPageLink" isApplyIncludePage="False" title="My+budget">
            <area shape="0" alt="" ID="{8E04FBF1-2E81-4216-AC52-F7EE835B355E}" coords="(0,0,360,100)"/>
          </link>
          <link targetPageID="" linkType="ltPageLink" isApplyIncludePage="False" title="Tickets">
            <area shape="0" alt="" ID="{F3CC9433-E6B0-4313-BBA3-4BDDB091350B}" coords="(0,100,360,200)"/>
          </link>
          <link targetPageID="" linkType="ltPageLink" isApplyIncludePage="False" title="Hotel">
            <area shape="0" alt="" ID="{EE321DD4-E9E5-466B-9C14-F4C80F08C035}" coords="(0,200,360,300)"/>
          </link>
          <link targetPageID="" linkType="ltPageLink" isApplyIncludePage="False" title="Add+new">
            <area shape="0" alt="" ID="{E69FA36B-B420-4223-B2D0-BFE98BFCFCF9}" coords="(0,300,360,400)"/>
          </link>
          <link targetPageID="" linkType="ltPageLink" isApplyIncludePage="False" title="Money+left">
            <area shape="0" alt="" ID="{B380CC70-E5F5-4AE0-8856-8F0E8CAB09CE}" coords="(0,400,360,498)"/>
          </link>
          <link targetPageID="" linkType="ltPageLink" isApplyIncludePage="False" title="">
            <area shape="0" alt="" ID="{55C2C236-EE33-4344-A7FB-52D7B26502D8}" coords="(0,0,0,0)"/>
          </link>
        </links>
        <interactiveData>
          <entry title="My+budget">
            <area shape="0" alt="" ID="{02BF5A13-BF40-45C4-94F6-E858ABDD7478}" coords="(0,0,360,100)"/>
            <events title=""/>
          </entry>
          <entry title="Tickets">
            <area shape="0" alt="" ID="{6F1192B4-F3D8-4D4D-8CD2-1D33DD0C51A8}" coords="(0,100,360,200)"/>
            <events title=""/>
          </entry>
          <entry title="Hotel">
            <area shape="0" alt="" ID="{B62FDEEA-7AC6-47EE-ACBC-53253F9E1E90}" coords="(0,200,360,300)"/>
            <events title=""/>
          </entry>
          <entry title="Add+new">
            <area shape="0" alt="" ID="{4CCD139B-5A74-4F81-B361-CD7311F5E35E}" coords="(0,300,360,400)"/>
            <events title=""/>
          </entry>
          <entry title="Money+left">
            <area shape="0" alt="" ID="{039287CC-C2A5-4AF7-A0E6-791D14EC2389}" coords="(0,400,360,498)"/>
            <events title=""/>
          </entry>
          <entry title="">
            <area shape="0" alt="" ID="{D0153FE8-3E10-42C5-960D-8E23E34469D7}" coords="(0,0,0,0)"/>
            <events title=""/>
          </entry>
        </interactiveData>
        <textSet textColor="4278190080" textSize="28" lineSpacingMultiple="1" textAlign="HaLeft" textVAlign="VaTop" textWordWrap="True" lineSpacing="37" textStyles="[]" useDefaultTextSize="False">
          <font family="Segoe+UI" displayName="Segoe+UI" postScript="" weightStyle="Regular" weight="400" isBold="False" isItalic="False"/>
          <text>My+budget%0D%0ATickets%0D%0AHotel%0D%0AAdd+new%0D%0AMoney+left%0D%0A%0D%0A</text>
        </textSet>
        <selectedIndex>0</selectedIndex>
        <selectedColor>4288256409</selectedColor>
        <textPadding>10</textPadding>
        <itemHeight>100</itemHeight>
        <isInterlace>True</isInterlace>
        <interlaceColor>4293848814</interlaceColor>
        <separatorColor>4284900966</separatorColor>
        <showSeparator>False</showSeparator>
      </controlProperties>
    </control>
    <control controlID="C7DDC299-BC7A-4EAE-917A-C4B5294318EF" controlTypeID="Panel" isShow="True" caption="Panel" x="0" y="20" w="360" h="43" measuredW="0" measuredH="0" zOrder="1" locked="False" sizeLocked="False">
      <controlProperties>
        <basic color="4294967295" borderVisible="True" borderColor="4284900966" isAutoSize="False" status="MsEnabled" opacity="1" isCommentCom="False" canMove="True" alias="" rotation="0"/>
        <states/>
        <verticalScrollbarShow>False</verticalScrollbarShow>
        <verticalScrollbarProgress>0</verticalScrollbarProgress>
        <horizontalScrollbarShow>False</horizontalScrollbarShow>
        <horizontalScrollbarProgress>0</horizontalScrollbarProgress>
        <links eventType="AtClick" animate="AmPushUp" animateAutoDelay="0" animateDuration="500">
          <link targetPageID="" linkType="ltPageLink" isApplyIncludePage="False" title="Link">
            <area shape="0" alt="" ID="{D90907EA-F400-4602-BE6E-0289323C6AA3}" coords="(0,0,360,43)"/>
          </link>
        </links>
        <interactiveData>
          <entry title="">
            <area shape="0" alt="" ID="{E9237ACE-379A-4BD4-981C-0F4C35E5E922}" coords="(0,0,360,43)"/>
            <events title=""/>
          </entry>
        </interactiveData>
        <groupChildrenDescriptors>
          <control controlID="2A8AE0CA-2773-49B5-9A13-6249EA7E47F6" controlTypeID="Label" isShow="True" caption="Label" x="102" y="-6" w="155" h="46" measuredW="0" measuredH="0" zOrder="0" locked="False" sizeLocked="False">
            <controlProperties>
              <basic color="0" borderVisible="True" borderColor="4284900966" isAutoSize="True" status="MsEnabled" opacity="1" isCommentCom="False" canMove="True" alias="" rotation="0"/>
              <states/>
              <verticalScrollbarShow>False</verticalScrollbarShow>
              <verticalScrollbarProgress>0</verticalScrollbarProgress>
              <horizontalScrollbarShow>False</horizontalScrollbarShow>
              <horizontalScrollbarProgress>0</horizontalScrollbarProgress>
              <links eventType="AtClick" animate="AmPushUp" animateAutoDelay="0" animateDuration="500">
                <link targetPageID="" linkType="ltPageLink" isApplyIncludePage="False" title="Link">
                  <area shape="0" alt="" ID="{4B5AFDF3-76E6-4EB0-B083-16BF8F98C5E9}" coords="(0,0,155,46)"/>
                </link>
              </links>
              <interactiveData>
                <entry title="">
                  <area shape="0" alt="" ID="{129447D9-2885-4F4E-AA77-2486CC8DC2C2}" coords="(0,0,155,46)"/>
                  <events title=""/>
                </entry>
              </interactiveData>
              <textSet textColor="4278190080" textSize="34" lineSpacingMultiple="1" textAlign="HaLeft" textVAlign="VaTop" textWordWrap="True" lineSpacing="45" textStyles="[]" useDefaultTextSize="False">
                <font family="Segoe+UI" displayName="Segoe+UI" postScript="" weightStyle="Regular" weight="400" isBold="False" isItalic="False"/>
                <text>TravelEasy</text>
              </textSet>
              <selectedIndex>-1</selectedIndex>
              <selectedColor>4282501083</selectedColor>
              <textPadding>0</textPadding>
            </controlProperties>
          </control>
          <control controlID="459C53D7-BC07-48E4-B562-B1E67048F752" controlTypeID="Border" isShow="True" caption="Border" x="0" y="0" w="360" h="43" measuredW="0" measuredH="0" zOrder="1" locked="True" sizeLocked="False">
            <controlProperties>
              <basic color="4294967295" borderVisible="True" borderColor="4284900966" isAutoSize="False" status="MsEnabled" opacity="1" isCommentCom="False" canMove="True" alias="borderLayer" rotation="0"/>
              <states/>
              <verticalScrollbarShow>False</verticalScrollbarShow>
              <verticalScrollbarProgress>0</verticalScrollbarProgress>
              <horizontalScrollbarShow>False</horizontalScrollbarShow>
              <horizontalScrollbarProgress>0</horizontalScrollbarProgress>
              <links eventType="AtClick" animate="AmPushUp" animateAutoDelay="0" animateDuration="500">
                <link targetPageID="" linkType="ltPageLink" isApplyIncludePage="False" title="Link">
                  <area shape="0" alt="" ID="{0FD550F1-8602-4533-98D2-2BE41B1C95D7}" coords="(0,0,360,43)"/>
                </link>
              </links>
              <interactiveData>
                <entry title="">
                  <area shape="0" alt="" ID="{CDE3FFCD-E015-4DDF-BCC9-4D273A266EC8}" coords="(0,0,360,43)"/>
                  <events title=""/>
                </entry>
              </interactiveData>
              <thickness>1</thickness>
              <dashMode>SdSolid</dashMode>
            </controlProperties>
          </control>
        </groupChildrenDescriptors>
        <thinkness>1</thinkness>
        <dashMode>SdSolid</dashMode>
      </controlProperties>
    </control>
    <control controlID="B5D0091C-CC2A-4C01-8BD7-E9349D883C2A" controlTypeID="StatusBar(Android)" isShow="True" caption="Android+Status+Bar" x="0" y="0" w="360" h="20" measuredW="342" measuredH="20" zOrder="2" locked="False" sizeLocked="False">
      <controlProperties>
        <basic color="4278190080" borderVisible="True" borderColor="4284900966" isAutoSize="False" status="MsEnabled" opacity="1" isCommentCom="False" canMove="True" alias="" rotation="0"/>
        <states/>
        <verticalScrollbarShow>False</verticalScrollbarShow>
        <verticalScrollbarProgress>0</verticalScrollbarProgress>
        <horizontalScrollbarShow>False</horizontalScrollbarShow>
        <horizontalScrollbarProgress>0</horizontalScrollbarProgress>
        <links eventType="AtClick" animate="AmPushUp" animateAutoDelay="0" animateDuration="500">
          <link targetPageID="" linkType="ltPageLink" isApplyIncludePage="False" title="Link">
            <area shape="0" alt="" ID="{13E2A1DC-D34B-4E05-9108-922A8AC4F9C8}" coords="(0,0,360,20)"/>
          </link>
        </links>
        <interactiveData>
          <entry title="">
            <area shape="0" alt="" ID="{F165AE9D-BB91-460F-BBD9-032D44051997}" coords="(0,0,360,20)"/>
            <events title=""/>
          </entry>
        </interactiveData>
        <ForegroundColor>4294967295</ForegroundColor>
        <IsAutoTextColor>True</IsAutoTextColor>
      </controlProperties>
    </control>
    <control controlID="885DFE93-A822-4B94-B4F9-F3C18B7C3AC0" controlTypeID="TextInput" isShow="True" caption="Text+Input" x="190" y="75" w="150" h="65" measuredW="138" measuredH="36" zOrder="3" locked="False" sizeLocked="False">
      <controlProperties>
        <basic color="4294967295" borderVisible="True" borderColor="4284900966" isAutoSize="False" status="MsEnabled" opacity="1" isCommentCom="False" canMove="True" alias="" rotation="0"/>
        <states/>
        <verticalScrollbarShow>False</verticalScrollbarShow>
        <verticalScrollbarProgress>0</verticalScrollbarProgress>
        <horizontalScrollbarShow>False</horizontalScrollbarShow>
        <horizontalScrollbarProgress>0</horizontalScrollbarProgress>
        <links eventType="AtClick" animate="AmPushUp" animateAutoDelay="0" animateDuration="500">
          <link targetPageID="" linkType="ltPageLink" isApplyIncludePage="False" title="Link">
            <area shape="0" alt="" ID="{C628E2E3-62AA-46B6-A368-6F0D1077F5CD}" coords="(0,0,150,65)"/>
          </link>
        </links>
        <interactiveData>
          <entry title="">
            <area shape="0" alt="" ID="{9858A32B-D27A-4F5F-BCD1-F1259B470549}" coords="(0,0,150,65)"/>
            <events title=""/>
          </entry>
        </interactiveData>
        <textSet textColor="4278190080" textSize="12" lineSpacingMultiple="1" textAlign="HaLeft" textVAlign="VaMiddle" textWordWrap="True" lineSpacing="16" textStyles="[]" useDefaultTextSize="True">
          <font family="Segoe+UI" displayName="Segoe+UI" postScript="" weightStyle="Regular" weight="400" isBold="False" isItalic="False"/>
          <text>Input+box</text>
        </textSet>
        <selectedIndex>-1</selectedIndex>
        <selectedColor>4282501083</selectedColor>
        <textPadding>0</textPadding>
        <canInput>True</canInput>
      </controlProperties>
    </control>
    <control controlID="0A5B00FF-81AE-49AB-885C-B37A14C700C4" controlTypeID="TextInput" isShow="True" caption="Text+Input" x="190" y="175" w="150" h="65" measuredW="138" measuredH="36" zOrder="4" locked="False" sizeLocked="False">
      <controlProperties>
        <basic color="4294967295" borderVisible="True" borderColor="4284900966" isAutoSize="False" status="MsEnabled" opacity="1" isCommentCom="False" canMove="True" alias="" rotation="0"/>
        <states/>
        <verticalScrollbarShow>False</verticalScrollbarShow>
        <verticalScrollbarProgress>0</verticalScrollbarProgress>
        <horizontalScrollbarShow>False</horizontalScrollbarShow>
        <horizontalScrollbarProgress>0</horizontalScrollbarProgress>
        <links eventType="AtClick" animate="AmPushUp" animateAutoDelay="0" animateDuration="500">
          <link targetPageID="" linkType="ltPageLink" isApplyIncludePage="False" title="Link">
            <area shape="0" alt="" ID="{C628E2E3-62AA-46B6-A368-6F0D1077F5CD}" coords="(0,0,150,65)"/>
          </link>
        </links>
        <interactiveData>
          <entry title="">
            <area shape="0" alt="" ID="{9858A32B-D27A-4F5F-BCD1-F1259B470549}" coords="(0,0,150,65)"/>
            <events title=""/>
          </entry>
        </interactiveData>
        <textSet textColor="4278190080" textSize="12" lineSpacingMultiple="1" textAlign="HaLeft" textVAlign="VaMiddle" textWordWrap="True" lineSpacing="16" textStyles="[]" useDefaultTextSize="True">
          <font family="Segoe+UI" displayName="Segoe+UI" postScript="" weightStyle="Regular" weight="400" isBold="False" isItalic="False"/>
          <text>Input+box</text>
        </textSet>
        <selectedIndex>-1</selectedIndex>
        <selectedColor>4282501083</selectedColor>
        <textPadding>0</textPadding>
        <canInput>True</canInput>
      </controlProperties>
    </control>
    <control controlID="B4BFFA41-C862-428B-B5B9-E27B1C3C6A9E" controlTypeID="TextInput" isShow="True" caption="Text+Input" x="190" y="275" w="150" h="65" measuredW="138" measuredH="36" zOrder="5" locked="False" sizeLocked="False">
      <controlProperties>
        <basic color="4294967295" borderVisible="True" borderColor="4284900966" isAutoSize="False" status="MsEnabled" opacity="1" isCommentCom="False" canMove="True" alias="" rotation="0"/>
        <states/>
        <verticalScrollbarShow>False</verticalScrollbarShow>
        <verticalScrollbarProgress>0</verticalScrollbarProgress>
        <horizontalScrollbarShow>False</horizontalScrollbarShow>
        <horizontalScrollbarProgress>0</horizontalScrollbarProgress>
        <links eventType="AtClick" animate="AmPushUp" animateAutoDelay="0" animateDuration="500">
          <link targetPageID="" linkType="ltPageLink" isApplyIncludePage="False" title="Link">
            <area shape="0" alt="" ID="{C628E2E3-62AA-46B6-A368-6F0D1077F5CD}" coords="(0,0,150,65)"/>
          </link>
        </links>
        <interactiveData>
          <entry title="">
            <area shape="0" alt="" ID="{9858A32B-D27A-4F5F-BCD1-F1259B470549}" coords="(0,0,150,65)"/>
            <events title=""/>
          </entry>
        </interactiveData>
        <textSet textColor="4278190080" textSize="12" lineSpacingMultiple="1" textAlign="HaLeft" textVAlign="VaMiddle" textWordWrap="True" lineSpacing="16" textStyles="[]" useDefaultTextSize="True">
          <font family="Segoe+UI" displayName="Segoe+UI" postScript="" weightStyle="Regular" weight="400" isBold="False" isItalic="False"/>
          <text>Input+box</text>
        </textSet>
        <selectedIndex>-1</selectedIndex>
        <selectedColor>4282501083</selectedColor>
        <textPadding>0</textPadding>
        <canInput>True</canInput>
      </controlProperties>
    </control>
    <control controlID="A36A4200-9B55-4AA8-9DA3-6EA2BAEA9450" controlTypeID="Icon" isShow="True" caption="Icon" x="224" y="370" w="82" h="82" measuredW="32" measuredH="32" zOrder="6" locked="False" sizeLocked="False">
      <controlProperties>
        <basic color="4284900966" borderVisible="True" borderColor="4284900966" isAutoSize="False" status="MsEnabled" opacity="1" isCommentCom="False" canMove="True" alias="" rotation="0"/>
        <states/>
        <verticalScrollbarShow>False</verticalScrollbarShow>
        <verticalScrollbarProgress>0</verticalScrollbarProgress>
        <horizontalScrollbarShow>False</horizontalScrollbarShow>
        <horizontalScrollbarProgress>0</horizontalScrollbarProgress>
        <links eventType="AtClick" animate="AmPushUp" animateAutoDelay="0" animateDuration="500">
          <link targetPageID="" linkType="ltPageLink" isApplyIncludePage="False" title="Link">
            <area shape="0" alt="" ID="{EBC89EBE-299E-4441-9D2B-BBCF0EFB2246}" coords="(0,0,82,82)"/>
          </link>
        </links>
        <interactiveData>
          <entry title="">
            <area shape="0" alt="" ID="{442DF947-600C-427A-A157-CD9D3D181951}" coords="(0,0,82,82)"/>
            <events title=""/>
          </entry>
        </interactiveData>
        <rotationAngle>TdZero</rotationAngle>
        <icon>
          <ID/>
          <iconFontName>jdIonicons</iconFontName>
          <iconCode>62297</iconCode>
        </icon>
        <URL>A74ACDBBC3EE487C9CDF84F8F9700C7C.svg</URL>
        <FlipHorizontal>False</FlipHorizontal>
        <FlipVertical>False</FlipVertical>
      </controlProperties>
    </control>
    <control controlID="FB51C63B-171A-4E5C-912E-D898C536F91A" controlTypeID="Label" isShow="True" caption="Label" x="202" y="493" w="126" h="38" measuredW="0" measuredH="0" zOrder="7" locked="False" sizeLocked="False">
      <controlProperties>
        <basic color="0" borderVisible="True" borderColor="4284900966" isAutoSize="True" status="MsEnabled" opacity="1" isCommentCom="False" canMove="True" alias="" rotation="0"/>
        <states/>
        <verticalScrollbarShow>False</verticalScrollbarShow>
        <verticalScrollbarProgress>0</verticalScrollbarProgress>
        <horizontalScrollbarShow>False</horizontalScrollbarShow>
        <horizontalScrollbarProgress>0</horizontalScrollbarProgress>
        <links eventType="AtClick" animate="AmPushUp" animateAutoDelay="0" animateDuration="500">
          <link targetPageID="" linkType="ltPageLink" isApplyIncludePage="False" title="Link">
            <area shape="0" alt="" ID="{9981B00D-DD03-4A22-AC23-AC7E360A8F87}" coords="(0,0,126,38)"/>
          </link>
        </links>
        <interactiveData>
          <entry title="">
            <area shape="0" alt="" ID="{A6D174CE-142E-4029-9EB9-F1621F483805}" coords="(0,0,126,38)"/>
            <events title=""/>
          </entry>
        </interactiveData>
        <textSet textColor="4278190080" textSize="28" lineSpacingMultiple="1" textAlign="HaLeft" textVAlign="VaTop" textWordWrap="True" lineSpacing="37" textStyles="[]" useDefaultTextSize="False">
          <font family="Segoe+UI" displayName="Segoe+UI" postScript="" weightStyle="Regular" weight="400" isBold="False" isItalic="False"/>
          <text>.....................</text>
        </textSet>
        <selectedIndex>0</selectedIndex>
        <selectedColor>4282501083</selectedColor>
        <textPadding>0</textPadding>
      </controlProperties>
    </control>
  </controls>
  <param>
    <backgroundColor>4294967295</backgroundColor>
    <fontSize>0</fontSize>
    <fontFamily/>
    <guideLines/>
  </param>
</mockup>