﻿<mockup version="4.4" minAllowVersion="4.3" ID="B5C638E8-AD16-4E3E-B616-6D389DF6FEBB" platform="MtMobile" defaultW="360" defaultH="640" screenOrientation="MoPortrait" mobileScreenScale="1.77777779102325" measureW="360" measureH="640" clipArea="(0,0,0,0)">
  <controls controlCount="8">
    <control controlID="0EC62CFB-4D92-47E6-BF24-775F09DE1E48" controlTypeID="Panel" isShow="True" caption="Panel" x="0" y="0" w="360" h="640" measuredW="0" measuredH="0" zOrder="0" locked="False" sizeLocked="False">
      <controlProperties>
        <basic color="4294967295" borderVisible="True" borderColor="4284900966" isAutoSize="False" status="MsEnabled" opacity="1" isCommentCom="False" canMove="True" alias="" rotation="0"/>
        <states/>
        <verticalScrollbarShow>False</verticalScrollbarShow>
        <verticalScrollbarProgress>0</verticalScrollbarProgress>
        <horizontalScrollbarShow>False</horizontalScrollbarShow>
        <horizontalScrollbarProgress>0</horizontalScrollbarProgress>
        <links eventType="AtClick" animate="AmSlideRight" animateAutoDelay="0" animateDuration="500">
          <link targetPageID="" linkType="ltPageLink" isApplyIncludePage="False" title="Link">
            <area shape="0" alt="" ID="{6110CE36-FCAE-4F0B-B691-CC3AB5138FE2}" coords="(0,0,360,640)"/>
          </link>
        </links>
        <interactiveData>
          <entry title="">
            <area shape="0" alt="" ID="{D826D774-840A-4292-A7B8-157E5EE41D3F}" coords="(0,0,360,640)"/>
            <events title=""/>
          </entry>
        </interactiveData>
        <groupChildrenDescriptors>
          <control controlID="A880F084-E6D5-45C3-B358-54A3B7C3B9DE" controlTypeID="Image" isShow="True" caption="Image" x="0" y="0" w="360" h="640" measuredW="150" measuredH="150" zOrder="0" locked="False" sizeLocked="False">
            <controlProperties>
              <basic color="4294967295" borderVisible="False" borderColor="4284900966" isAutoSize="False" status="MsEnabled" opacity="1" isCommentCom="False" canMove="True" alias="" rotation="0"/>
              <states/>
              <verticalScrollbarShow>False</verticalScrollbarShow>
              <verticalScrollbarProgress>0</verticalScrollbarProgress>
              <horizontalScrollbarShow>False</horizontalScrollbarShow>
              <horizontalScrollbarProgress>0</horizontalScrollbarProgress>
              <links eventType="AtClick" animate="AmPushUp" animateAutoDelay="0" animateDuration="500">
                <link targetPageID="" linkType="ltPageLink" isApplyIncludePage="False" title="Link">
                  <area shape="0" alt="" ID="{D62D38D2-2205-4D73-AC0E-F6C9F1B16C60}" coords="(0,0,360,640)"/>
                </link>
              </links>
              <interactiveData>
                <entry title="">
                  <area shape="0" alt="" ID="{43BF4EE2-E96B-436F-B737-8D918E36EB81}" coords="(0,0,360,640)"/>
                  <events title=""/>
                </entry>
              </interactiveData>
              <rotationAngle>TdZero</rotationAngle>
              <clipShapeType>SbRectangle</clipShapeType>
              <radius>0</radius>
              <radiusIsPercent>False</radiusIsPercent>
              <URL>B270B52A86B1693EE70E7F0EACBA4782.png</URL>
              <FlipHorizontal>False</FlipHorizontal>
              <FlipVertical>False</FlipVertical>
              <fitMode>2</fitMode>
              <showText>True</showText>
            </controlProperties>
          </control>
          <control controlID="CF51A356-D379-48A3-9FA7-67C54DD58B25" controlTypeID="StatusBar(Android)" isShow="True" caption="Android+Status+Bar" x="-5" y="0" w="360" h="20" measuredW="342" measuredH="20" zOrder="1" locked="False" sizeLocked="False">
            <controlProperties>
              <basic color="4278190080" borderVisible="True" borderColor="4284900966" isAutoSize="False" status="MsEnabled" opacity="1" isCommentCom="False" canMove="True" alias="" rotation="0"/>
              <states/>
              <verticalScrollbarShow>False</verticalScrollbarShow>
              <verticalScrollbarProgress>0</verticalScrollbarProgress>
              <horizontalScrollbarShow>False</horizontalScrollbarShow>
              <horizontalScrollbarProgress>0</horizontalScrollbarProgress>
              <links eventType="AtClick" animate="AmPushUp" animateAutoDelay="0" animateDuration="500">
                <link targetPageID="" linkType="ltPageLink" isApplyIncludePage="False" title="Link">
                  <area shape="0" alt="" ID="{B47E9CD8-A582-480C-930E-2418FBECC7A5}" coords="(0,0,360,20)"/>
                </link>
              </links>
              <interactiveData>
                <entry title="">
                  <area shape="0" alt="" ID="{442ED19C-C9A2-469E-A338-96F0C0F73F23}" coords="(0,0,360,20)"/>
                  <events title=""/>
                </entry>
              </interactiveData>
              <ForegroundColor>4294967295</ForegroundColor>
              <IsAutoTextColor>True</IsAutoTextColor>
            </controlProperties>
          </control>
          <control controlID="CDD3A517-EFD0-428D-9830-A8053DAFE5E5" controlTypeID="Label" isShow="True" caption="TravelEasy" x="51" y="173" w="248" h="58" measuredW="0" measuredH="0" zOrder="2" locked="False" sizeLocked="False">
            <controlProperties>
              <basic color="0" borderVisible="True" borderColor="4284900966" isAutoSize="True" status="MsEnabled" opacity="1" isCommentCom="False" canMove="True" alias="" rotation="0"/>
              <states/>
              <verticalScrollbarShow>False</verticalScrollbarShow>
              <verticalScrollbarProgress>0</verticalScrollbarProgress>
              <horizontalScrollbarShow>False</horizontalScrollbarShow>
              <horizontalScrollbarProgress>0</horizontalScrollbarProgress>
              <links eventType="AtClick" animate="AmPushUp" animateAutoDelay="0" animateDuration="500">
                <link targetPageID="" linkType="ltPageLink" isApplyIncludePage="False" title="Link">
                  <area shape="0" alt="" ID="{F5691C14-6360-4814-B658-50380D6CEC13}" coords="(0,0,248,58)"/>
                </link>
              </links>
              <interactiveData>
                <entry title="">
                  <area shape="0" alt="" ID="{B6B80B9A-50BB-4B07-96E7-98EF2370C0B6}" coords="(0,0,248,58)"/>
                  <events title=""/>
                </entry>
              </interactiveData>
              <textSet textColor="4294967295" textSize="50" lineSpacingMultiple="1" textAlign="HaLeft" textVAlign="VaTop" textWordWrap="True" lineSpacing="57" textStyles="[]" useDefaultTextSize="False">
                <font family="Arial" displayName="Arial" postScript="" weightStyle="Regular" weight="400" isBold="False" isItalic="False"/>
                <text>TravelEasy</text>
              </textSet>
              <selectedIndex>-1</selectedIndex>
              <selectedColor>4282501083</selectedColor>
              <textPadding>0</textPadding>
            </controlProperties>
          </control>
          <control controlID="54B59F24-58BC-4897-8059-1D1F16CD5BD7" controlTypeID="Button" isShow="True" caption="Button" x="115" y="319" w="120" h="48" measuredW="78" measuredH="36" zOrder="3" locked="False" sizeLocked="False">
            <controlProperties>
              <basic color="1509949439" borderVisible="True" borderColor="4294967295" isAutoSize="False" status="MsEnabled" opacity="1" isCommentCom="False" canMove="True" alias="" rotation="0"/>
              <states/>
              <verticalScrollbarShow>False</verticalScrollbarShow>
              <verticalScrollbarProgress>0</verticalScrollbarProgress>
              <horizontalScrollbarShow>False</horizontalScrollbarShow>
              <horizontalScrollbarProgress>0</horizontalScrollbarProgress>
              <links eventType="AtClick" animate="AmPushUp" animateAutoDelay="0" animateDuration="500">
                <link targetPageID="59A1A0BF-9D3C-4059-8F2D-78F9DAA1F710" linkType="ltPageLink" isApplyIncludePage="False" title="Active+trips">
                  <area shape="0" alt="" ID="{148646B0-C749-4B4A-AC15-8A37429E3FED}" coords="(0,0,120,48)"/>
                </link>
              </links>
              <interactiveData>
                <entry title="">
                  <area shape="0" alt="" ID="{0F841D40-2279-4310-85D2-D5F6F39A9F27}" coords="(0,0,120,48)"/>
                  <events title="">
                    <event eventType="atClick" isChecked="True">
                      <behaviour title="" isChecked="True" isWait="False" isLoop="False" execMode="emParallel">
                        <target targetID="54B59F24-58BC-4897-8059-1D1F16CD5BD7" IsNeedReplaceAsSelfID="True" isChecked="True" isAutoRecovery="False" isLoop="False" execMode="emSequence">
                          <command name="Resize" isChecked="True" descrition="">
                            <param name="AniInterpolation" value="1" varType="3" description=""/>
                            <param name="AniDuration" value="200" varType="3" description=""/>
                            <param name="AniAutoReverse" value="False" varType="11" description=""/>
                            <param name="AniLoop" value="False" varType="11" description=""/>
                            <param name="AniInterpolationTypeOut" value="False" varType="11" description=""/>
                            <param name="Delay" value="0" varType="3" description=""/>
                            <param name="ValueFromCurrent" value="True" varType="11" description=""/>
                            <param name="ResizeDirection" value="0" varType="3" description=""/>
                            <param name="ValueMode" value="0" varType="3" description=""/>
                            <param name="ResizeType" value="0" varType="3" description=""/>
                            <param name="FromWidth" value="0" varType="3" description=""/>
                            <param name="FromHeight" value="0" varType="3" description=""/>
                            <param name="ToWidth" value="0" varType="3" description=""/>
                            <param name="ToHeight" value="0" varType="3" description=""/>
                            <param name="ToX" value="0" varType="3" description=""/>
                            <param name="ToY" value="0" varType="3" description=""/>
                            <param name="TerminateLoopByClick" value="True" varType="11" description=""/>
                          </command>
                        </target>
                      </behaviour>
                    </event>
                  </events>
                </entry>
              </interactiveData>
              <textSet textColor="4294967295" textSize="20" lineSpacingMultiple="1" textAlign="HaCenter" textVAlign="VaMiddle" textWordWrap="True" lineSpacing="23" textStyles="[fsBold]" useDefaultTextSize="False">
                <font family="Arial" displayName="Arial+Bold" postScript="" weightStyle="Bold" weight="700" isBold="True" isItalic="False"/>
                <text>%0D%0AActive+trips%0D%0A</text>
              </textSet>
              <selectedIndex>-1</selectedIndex>
              <selectedColor>4282501083</selectedColor>
              <textPadding>0</textPadding>
              <radius>0</radius>
              <radiusIsPercent>False</radiusIsPercent>
              <buttonStatus>BsNormal</buttonStatus>
              <thickness>2</thickness>
              <isAutoTextColor>False</isAutoTextColor>
              <borderColor>4294967295</borderColor>
            </controlProperties>
          </control>
          <control controlID="4BD9A863-6127-46D5-8DC8-E0CF795D8C40" controlTypeID="Button" isShow="True" caption="Button" x="115" y="410" w="120" h="48" measuredW="78" measuredH="36" zOrder="4" locked="False" sizeLocked="False">
            <controlProperties>
              <basic color="352321535" borderVisible="True" borderColor="4294967295" isAutoSize="False" status="MsEnabled" opacity="1" isCommentCom="False" canMove="True" alias="" rotation="0"/>
              <states/>
              <verticalScrollbarShow>False</verticalScrollbarShow>
              <verticalScrollbarProgress>0</verticalScrollbarProgress>
              <horizontalScrollbarShow>False</horizontalScrollbarShow>
              <horizontalScrollbarProgress>0</horizontalScrollbarProgress>
              <links eventType="AtClick" animate="AmPushUp" animateAutoDelay="0" animateDuration="500">
                <link targetPageID="DD37D0D4-8DBC-4C52-92A4-9F7C97080E49" linkType="ltPageLink" isApplyIncludePage="False" title="Recent+trip">
                  <area shape="0" alt="" ID="{E3A045D9-9F2E-49C7-9848-C39FC2B1D274}" coords="(0,0,120,48)"/>
                </link>
              </links>
              <interactiveData>
                <entry title="">
                  <area shape="0" alt="" ID="{67585AC1-AFA3-403F-B8F0-42281051C6B2}" coords="(0,0,120,48)"/>
                  <events title="">
                    <event eventType="atClick" isChecked="True">
                      <behaviour title="" isChecked="True" isWait="False" isLoop="False" execMode="emParallel">
                        <target targetID="4BD9A863-6127-46D5-8DC8-E0CF795D8C40" IsNeedReplaceAsSelfID="True" isChecked="True" isAutoRecovery="False" isLoop="False" execMode="emSequence">
                          <command name="Resize" isChecked="True" descrition="">
                            <param name="AniInterpolation" value="1" varType="3" description=""/>
                            <param name="AniDuration" value="200" varType="3" description=""/>
                            <param name="AniAutoReverse" value="False" varType="11" description=""/>
                            <param name="AniLoop" value="False" varType="11" description=""/>
                            <param name="AniInterpolationTypeOut" value="False" varType="11" description=""/>
                            <param name="Delay" value="0" varType="3" description=""/>
                            <param name="ValueFromCurrent" value="True" varType="11" description=""/>
                            <param name="ResizeDirection" value="0" varType="3" description=""/>
                            <param name="ValueMode" value="0" varType="3" description=""/>
                            <param name="ResizeType" value="0" varType="3" description=""/>
                            <param name="FromWidth" value="0" varType="3" description=""/>
                            <param name="FromHeight" value="0" varType="3" description=""/>
                            <param name="ToWidth" value="0" varType="3" description=""/>
                            <param name="ToHeight" value="0" varType="3" description=""/>
                            <param name="ToX" value="0" varType="3" description=""/>
                            <param name="ToY" value="0" varType="3" description=""/>
                            <param name="TerminateLoopByClick" value="True" varType="11" description=""/>
                          </command>
                        </target>
                      </behaviour>
                    </event>
                  </events>
                </entry>
              </interactiveData>
              <textSet textColor="4294967295" textSize="20" lineSpacingMultiple="1" textAlign="HaCenter" textVAlign="VaMiddle" textWordWrap="True" lineSpacing="23" textStyles="[fsBold]" useDefaultTextSize="False">
                <font family="Arial" displayName="Arial+Bold" postScript="" weightStyle="Bold" weight="700" isBold="True" isItalic="False"/>
                <text>Recent+trips</text>
              </textSet>
              <selectedIndex>-1</selectedIndex>
              <selectedColor>4282501083</selectedColor>
              <textPadding>0</textPadding>
              <radius>0</radius>
              <radiusIsPercent>False</radiusIsPercent>
              <buttonStatus>BsNormal</buttonStatus>
              <thickness>1</thickness>
              <isAutoTextColor>False</isAutoTextColor>
              <borderColor>4294967295</borderColor>
            </controlProperties>
          </control>
          <control controlID="22FE1A3B-E622-4A6A-A3C0-BD2EE474C429" controlTypeID="Button" isShow="True" caption="Button" x="115" y="362" w="120" h="48" measuredW="78" measuredH="36" zOrder="5" locked="False" sizeLocked="False">
            <controlProperties>
              <basic color="352321535" borderVisible="True" borderColor="4294967295" isAutoSize="False" status="MsEnabled" opacity="1" isCommentCom="False" canMove="True" alias="" rotation="0"/>
              <states/>
              <verticalScrollbarShow>False</verticalScrollbarShow>
              <verticalScrollbarProgress>0</verticalScrollbarProgress>
              <horizontalScrollbarShow>False</horizontalScrollbarShow>
              <horizontalScrollbarProgress>0</horizontalScrollbarProgress>
              <links eventType="AtClick" animate="AmPushUp" animateAutoDelay="0" animateDuration="500">
                <link targetPageID="97B7484A-1799-4BED-A1B6-DD6A06A9E19F" linkType="ltPageLink" isApplyIncludePage="False" title="New+trip">
                  <area shape="0" alt="" ID="{97F41D8F-AA22-4B00-B438-E86B09C693C6}" coords="(0,0,120,48)"/>
                </link>
              </links>
              <interactiveData>
                <entry title="">
                  <area shape="0" alt="" ID="{51C60B14-671E-4343-9ADC-4534E794886D}" coords="(0,0,120,48)"/>
                  <events title="">
                    <event eventType="atClick" isChecked="True">
                      <behaviour title="" isChecked="True" isWait="False" isLoop="False" execMode="emParallel">
                        <target targetID="22FE1A3B-E622-4A6A-A3C0-BD2EE474C429" IsNeedReplaceAsSelfID="True" isChecked="True" isAutoRecovery="False" isLoop="False" execMode="emSequence">
                          <command name="Resize" isChecked="True" descrition="">
                            <param name="AniInterpolation" value="1" varType="3" description=""/>
                            <param name="AniDuration" value="200" varType="3" description=""/>
                            <param name="AniAutoReverse" value="False" varType="11" description=""/>
                            <param name="AniLoop" value="False" varType="11" description=""/>
                            <param name="AniInterpolationTypeOut" value="False" varType="11" description=""/>
                            <param name="Delay" value="0" varType="3" description=""/>
                            <param name="ValueFromCurrent" value="True" varType="11" description=""/>
                            <param name="ResizeDirection" value="0" varType="3" description=""/>
                            <param name="ValueMode" value="0" varType="3" description=""/>
                            <param name="ResizeType" value="0" varType="3" description=""/>
                            <param name="FromWidth" value="0" varType="3" description=""/>
                            <param name="FromHeight" value="0" varType="3" description=""/>
                            <param name="ToWidth" value="0" varType="3" description=""/>
                            <param name="ToHeight" value="0" varType="3" description=""/>
                            <param name="ToX" value="0" varType="3" description=""/>
                            <param name="ToY" value="0" varType="3" description=""/>
                            <param name="TerminateLoopByClick" value="True" varType="11" description=""/>
                          </command>
                        </target>
                      </behaviour>
                    </event>
                  </events>
                </entry>
              </interactiveData>
              <textSet textColor="4294967295" textSize="20" lineSpacingMultiple="1" textAlign="HaCenter" textVAlign="VaMiddle" textWordWrap="True" lineSpacing="23" textStyles="[fsBold]" useDefaultTextSize="False">
                <font family="Arial" displayName="Arial+Bold" postScript="" weightStyle="Bold" weight="700" isBold="True" isItalic="False"/>
                <text>New+trip</text>
              </textSet>
              <selectedIndex>-1</selectedIndex>
              <selectedColor>4282501083</selectedColor>
              <textPadding>0</textPadding>
              <radius>0</radius>
              <radiusIsPercent>False</radiusIsPercent>
              <buttonStatus>BsNormal</buttonStatus>
              <thickness>2</thickness>
              <isAutoTextColor>False</isAutoTextColor>
              <borderColor>4294967295</borderColor>
            </controlProperties>
          </control>
          <control controlID="BB633337-7195-4862-A3C3-0899F8F6572F" controlTypeID="Border" isShow="True" caption="Border" x="0" y="0" w="360" h="640" measuredW="0" measuredH="0" zOrder="6" locked="True" sizeLocked="False">
            <controlProperties>
              <basic color="4294967295" borderVisible="True" borderColor="4284900966" isAutoSize="False" status="MsEnabled" opacity="1" isCommentCom="False" canMove="True" alias="borderLayer" rotation="0"/>
              <states/>
              <verticalScrollbarShow>False</verticalScrollbarShow>
              <verticalScrollbarProgress>0</verticalScrollbarProgress>
              <horizontalScrollbarShow>False</horizontalScrollbarShow>
              <horizontalScrollbarProgress>0</horizontalScrollbarProgress>
              <links eventType="AtClick" animate="AmPushUp" animateAutoDelay="0" animateDuration="500">
                <link targetPageID="" linkType="ltPageLink" isApplyIncludePage="False" title="Link">
                  <area shape="0" alt="" ID="{249056CF-C6E5-4D3C-80DD-A4E13C4B3171}" coords="(0,0,360,640)"/>
                </link>
              </links>
              <interactiveData>
                <entry title="">
                  <area shape="0" alt="" ID="{142D7B7C-D447-48A5-83FA-BA5480652152}" coords="(0,0,360,640)"/>
                  <events title=""/>
                </entry>
              </interactiveData>
              <thickness>1</thickness>
              <dashMode>SdSolid</dashMode>
            </controlProperties>
          </control>
        </groupChildrenDescriptors>
        <thinkness>1</thinkness>
        <dashMode>SdSolid</dashMode>
      </controlProperties>
    </control>
  </controls>
  <param>
    <backgroundColor>4294967295</backgroundColor>
    <fontSize>14</fontSize>
    <fontFamily>Arial</fontFamily>
    <guideLines/>
  </param>
</mockup>