﻿<LinkSources version="1.02">
  <page ID="59A1A0BF-9D3C-4059-8F2D-78F9DAA1F710">
    <linkSource sourcePageID="B5C638E8-AD16-4E3E-B616-6D389DF6FEBB" comID="54B59F24-58BC-4897-8059-1D1F16CD5BD7" comLinkType="cltPageLink"/>
  </page>
  <page ID="97B7484A-1799-4BED-A1B6-DD6A06A9E19F">
    <linkSource sourcePageID="B5C638E8-AD16-4E3E-B616-6D389DF6FEBB" comID="22FE1A3B-E622-4A6A-A3C0-BD2EE474C429" comLinkType="cltPageLink"/>
  </page>
  <page ID="DD37D0D4-8DBC-4C52-92A4-9F7C97080E49">
    <linkSource sourcePageID="B5C638E8-AD16-4E3E-B616-6D389DF6FEBB" comID="4BD9A863-6127-46D5-8DC8-E0CF795D8C40" comLinkType="cltPageLink"/>
  </page>
  <page ID="0B847428-8C9E-42DE-9865-1EF7E30817A6">
    <linkSource sourcePageID="59A1A0BF-9D3C-4059-8F2D-78F9DAA1F710" comID="DBC1D889-402A-476B-84AB-509A33D42F59" comLinkType="cltPageLink"/>
    <linkSource sourcePageID="DD37D0D4-8DBC-4C52-92A4-9F7C97080E49" comID="C2245C28-B851-4FE6-8E65-11DAB40F3A3B" comLinkType="cltPageLink"/>
  </page>
</LinkSources>