﻿<project version="2.2" name="Project" ID="731FFEFA-C007-48F8-B6F1-4807EDF1EA04">
  <params>
    <pageParam version="4.4" minAllowVersion="4.3"/>
    <projectParam version="2.2" minAllowVersion="2.2" platform="MtMobile" orientation="MoPortrait" mobileScreenScale="1.77777779102325" mobileType="mmtAndroid" pageSize="(360,640)" backgroundColor="4294967295" fontSize="0" fontFamily=""/>
    <previewParam version="1.0"/>
    <colorParam version="1.0"/>
  </params>
  <modules>
    <page name="Home" ID="B5C638E8-AD16-4E3E-B616-6D389DF6FEBB" expanded="True" code="QqptYWyzU6" thumbCode="QqptYWyzU6" status="psWhite">
      <images>
        <image key="B270B52A86B1693EE70E7F0EACBA4782.png"/>
      </images>
    </page>
    <page name="Active trips" ID="59A1A0BF-9D3C-4059-8F2D-78F9DAA1F710" expanded="True" code="MdtC8bZJyO" thumbCode="MdtC8bZJyO" status="psWhite"/>
    <page name="New trip" ID="97B7484A-1799-4BED-A1B6-DD6A06A9E19F" expanded="True" code="Nbn3UrsSK5" thumbCode="Nbn3UrsSK5" status="psWhite">
      <images>
        <image key="A74ACDBBC3EE487C9CDF84F8F9700C7C.svg"/>
      </images>
    </page>
    <page name="Recent trip" ID="DD37D0D4-8DBC-4C52-92A4-9F7C97080E49" expanded="True" code="vZGcYZMdhN" thumbCode="vZGcYZMdhN" status="psWhite"/>
    <page name="Amsterdam" ID="0B847428-8C9E-42DE-9865-1EF7E30817A6" expanded="True" code="AC8NK5WWOU" thumbCode="KMqk5JNLwI" isLastOpen="True" status="psWhite"/>
    <page name="Finland" ID="D98B4C78-D9FC-4619-8E23-832B22DC9BF4" expanded="True" code="3lLFZL5Dd2" thumbCode="3lLFZL5Dd2" status="psWhite"/>
  </modules>
  <masters/>
  <images>
    <image key="B270B52A86B1693EE70E7F0EACBA4782.png"/>
    <image key="A74ACDBBC3EE487C9CDF84F8F9700C7C.svg"/>
  </images>
</project>